[
  {
    "id": 1,
    "nombre": "Ciabatta",
    "ingredientes": {
      "harina": 100,
      "detalleHarina": "50% harina 000 + 50% harina 0000",
      "agua": 100,
      "levadura": 100,
      "sal": 100,
      "grasa": 100,
      "descripcion": "Descripcion de Ciabatta",
      "conMasaMadre": true
    }
  },
  {
    "id": 2,
    "nombre": "Hallulla",
    "ingredientes": {
      "harina": 100,
      "detalleHarina": "50% harina 000 + 50% harina 0000",
      "agua": 100,
      "levadura": 100,
      "sal": 100,
      "grasa": 100,
      "descripcion": "Descripcion de Ciabatta",
      "conMasaMadre": true
    }
  },

  {
    "id": 3,
    "nombre": "Marraqueta",
    "ingredientes": {
      "harina": 100,
      "detalleHarina": "50% harina 000 + 50% harina 0000",
      "agua": 100,
      "levadura": 100,
      "sal": 100,
      "grasa": 100,
      "descripcion": "Descripcion de Ciabatta",
      "conMasaMadre": true
    }
  },
  {
    "id": 4,
    "nombre": "Bocado de Dama",
    "ingredientes": {
      "harina": 100,
      "detalleHarina": "50% harina 000 + 50% harina 0000",
      "agua": 100,
      "levadura": 100,
      "sal": 100,
      "grasa": 100,
      "descripcion": "Descripcion de Ciabatta",
      "conMasaMadre": true
    }
  },
  {
    "id": 5,
    "nombre": "Baguette",
    "ingredientes": {
      "harina": 100,
      "detalleHarina": "50% harina 000 + 50% harina 0000",
      "agua": 100,
      "levadura": 100,
      "sal": 100,
      "grasa": 100,
      "descripcion": "Descripcion de Ciabatta",
      "conMasaMadre": true
    }
  },
  {
    "id": 6,
    "nombre": "Brioche",
    "ingredientes": {
      "harina": 100,
      "detalleHarina": "50% harina 000 + 50% harina 0000",
      "agua": 100,
      "levadura": 100,
      "sal": 100,
      "grasa": 100,
      "descripcion": "Descripcion de Ciabatta",
      "conMasaMadre": true
    }
  },
  {
    "id": 7,
    "nombre": "Croissant",
    "ingredientes": {
      "harina": 100,
      "detalleHarina": "50% harina 000 + 50% harina 0000",
      "agua": 100,
      "levadura": 100,
      "sal": 100,
      "grasa": 100,
      "descripcion": "Descripcion de Ciabatta",
      "conMasaMadre": true
    }
  },
  {
    "id": 8,
    "nombre": "Hogaza Rústica",
    "ingredientes": {
      "harina": 100,
      "detalleHarina": "50% harina 000 + 50% harina 0000",
      "agua": 100,
      "levadura": 100,
      "sal": 100,
      "grasa": 100,
      "descripcion": "Descripcion de Ciabatta",
      "conMasaMadre": true
    }
  },
  {
    "id": 9,
    "nombre": "Pan Frica",
    "ingredientes": {
      "harina": 100,
      "detalleHarina": "50% harina 000 + 50% harina 0000",
      "agua": 100,
      "levadura": 100,
      "sal": 100,
      "grasa": 100,
      "descripcion": "Descripcion de Ciabatta",
      "conMasaMadre": true
    }
  },
  {
    "id": 10,
    "nombre": "Pan Amasado",
    "ingredientes": {
      "harina": 100,
      "detalleHarina": "50% harina 000 + 50% harina 0000",
      "agua": 100,
      "levadura": 100,
      "sal": 100,
      "grasa": 100,
      "descripcion": "Descripcion de Ciabatta",
      "conMasaMadre": true
    }
  }
]
